{
  "Number_param": 35761445,
  "MRR": 0.4725481323084537,
  "Hits@1": 0.44032147742818056,
  "Hits@2": 0.46716826265389877,
  "Hits@3": 0.48238714090287277,
  "Hits@4": 0.4960670314637483,
  "Hits@5": 0.5073529411764706,
  "Hits@6": 0.5162448700410397,
  "Hits@7": 0.524452804377565,
  "Hits@8": 0.5300957592339262,
  "Hits@9": 0.5338577291381669,
  "Hits@10": 0.5377906976744186,
  "MRR__member_of_domain_usage": 0.3068415367754125,
  "MRR__verb_group": 0.9743609569781404,
  "MRR__member_of_domain_region": 0.3667548377086383,
  "MRR__member_meronym": 0.20341591420850952,
  "MRR__hypernym": 0.10482278592666534,
  "MRR__has_part": 0.1485498092951481,
  "MRR__derivationally_related_form": 0.9531029509507118,
  "MRR__also_see": 0.6558993380598528,
  "MRR__instance_hypernym": 0.37571150462645786,
  "MRR__synset_domain_topic_of": 0.31827959943438644,
  "MRR__similar_to": 1.0
}