{
  "Number_param": 20974080,
  "MRR": 0.1867874644105529,
  "Hits@1": 0.04702462380300958,
  "Hits@2": 0.13885088919288646,
  "Hits@3": 0.2426470588235294,
  "Hits@4": 0.32113543091655267,
  "Hits@5": 0.3804719562243502,
  "Hits@6": 0.42305061559507523,
  "Hits@7": 0.45536935704514364,
  "Hits@8": 0.478625170998632,
  "Hits@9": 0.496922024623803,
  "Hits@10": 0.5172708618331053,
  "MRR__member_of_domain_usage": 0.32895927123683727,
  "MRR__verb_group": 0.3367102164605746,
  "MRR__member_of_domain_region": 0.2285780874883012,
  "MRR__member_meronym": 0.17304638202740522,
  "MRR__hypernym": 0.08262371066892006,
  "MRR__has_part": 0.09756597745376333,
  "MRR__derivationally_related_form": 0.2762492129772244,
  "MRR__also_see": 0.20918890520865227,
  "MRR__instance_hypernym": 0.25951057511268577,
  "MRR__synset_domain_topic_of": 0.31191794594378847,
  "MRR__similar_to": 0.2849206349206349
}