{
  "Number_param": 5601152,
  "MRR": 0.49926751985164286,
  "Hits@1": 0.47024623803009574,
  "Hits@2": 0.49777701778385774,
  "Hits@3": 0.5133378932968536,
  "Hits@4": 0.5241108071135431,
  "Hits@5": 0.530608755129959,
  "Hits@6": 0.5367647058823529,
  "Hits@7": 0.5420656634746922,
  "Hits@8": 0.5461696306429549,
  "Hits@9": 0.5497606019151847,
  "Hits@10": 0.551812585499316,
  "MRR__member_of_domain_usage": 0.30321276177138323,
  "MRR__verb_group": 0.9745069349497941,
  "MRR__member_of_domain_region": 0.19261390216594315,
  "MRR__member_meronym": 0.23115232652609932,
  "MRR__hypernym": 0.173281523617642,
  "MRR__has_part": 0.16749519200665677,
  "MRR__derivationally_related_form": 0.9557331285078247,
  "MRR__also_see": 0.5945839057009568,
  "MRR__instance_hypernym": 0.37469107472113194,
  "MRR__synset_domain_topic_of": 0.3330768585268969,
  "MRR__similar_to": 0.5847787833081951
}