{
  "Number_param": 5242112,
  "MRR": 0.8199393411346215,
  "Hits@1": 0.7486320109439124,
  "Hits@2": 0.8129274965800274,
  "Hits@3": 0.856703146374829,
  "Hits@4": 0.890218878248974,
  "Hits@5": 0.9127906976744186,
  "Hits@6": 0.9377564979480164,
  "Hits@7": 0.957592339261286,
  "Hits@8": 0.9716142270861833,
  "Hits@9": 0.9846101231190151,
  "Hits@10": 0.993844049247606
}