{
  "Number_param": 20974080,
  "MRR": 0.6872078986331617,
  "Hits@1": 0.5526675786593708,
  "Hits@2": 0.7489740082079344,
  "Hits@3": 0.7797537619699042,
  "Hits@4": 0.8064295485636115,
  "Hits@5": 0.8269493844049247,
  "Hits@6": 0.841655266757866,
  "Hits@7": 0.8543091655266758,
  "Hits@8": 0.8632010943912448,
  "Hits@9": 0.8768809849521204,
  "Hits@10": 0.8895348837209303
}