{
  "Number_param": 1921920,
  "MRR": 0.67292850355579,
  "Hits@3": 0.7339759271944417,
  "Hits@4": 0.7509051766317644,
  "Hits@5": 0.7648987180741755,
  "Hits@6": 0.7739504843918191,
  "Hits@7": 0.7819747529112437,
  "Hits@8": 0.7882865251003034,
  "Hits@9": 0.7946472257559448,
  "Hits@10": 0.8010568548781681,
  "Hits@1": 0.5895390938447989,
  "Hits@2": 0.6996770721205597
}