{
  "Number_param": 8800487,
  "MRR": 0.6672201733052857,
  "Hits@1": 0.5616987963597221,
  "Hits@2": 0.664252862315295,
  "Hits@3": 0.7322145023974949,
  "Hits@4": 0.7716997749290537,
  "Hits@5": 0.8046286329386437,
  "Hits@6": 0.8255700166356786,
  "Hits@7": 0.8409335551423819,
  "Hits@8": 0.8544378119189745,
  "Hits@9": 0.8652020745669831,
  "Hits@10": 0.874498483217536
}