{
  "Number_param": 3843840,
  "MRR": 0.6327040614023124,
  "Hits@1": 0.5068989137880419,
  "Hits@2": 0.6538800273999413,
  "Hits@3": 0.7177806047558469,
  "Hits@4": 0.7590762305509345,
  "Hits@5": 0.7852529601722282,
  "Hits@6": 0.8031118504746061,
  "Hits@7": 0.8234171641060769,
  "Hits@8": 0.8367257070163421,
  "Hits@9": 0.8472453273314414,
  "Hits@10": 0.8562481651825031
}