{
  "Number_param": 3843840,
  "MRR": 0.5687650157745446,
  "Hits@1": 0.4254819453958313,
  "Hits@2": 0.5927194441726197,
  "Hits@3": 0.6609257265877287,
  "Hits@4": 0.7122027595655153,
  "Hits@5": 0.741755553380957,
  "Hits@6": 0.7620608670124278,
  "Hits@7": 0.7798708288482239,
  "Hits@8": 0.7985615030824934,
  "Hits@9": 0.812065759859086,
  "Hits@10": 0.8239553772384773
}