{
  "Number_param": 3843840,
  "MRR": 0.6319874223472048,
  "Hits@1": 0.5062054138571289,
  "Hits@2": 0.6529854392651226,
  "Hits@3": 0.7170917619466433,
  "Hits@4": 0.7584286133098798,
  "Hits@5": 0.7846183914785498,
  "Hits@6": 0.8024528486269911,
  "Hits@7": 0.8227303820971367,
  "Hits@8": 0.8360207172872081,
  "Hits@9": 0.8465259454705365,
  "Hits@10": 0.8555164663344083
}