{
  "Number_param": 1921920,
  "MRR": 0.6720617010104704,
  "Hits@3": 0.7329717580377211,
  "Hits@4": 0.749975569236783,
  "Hits@5": 0.7639499657969315,
  "Hits@6": 0.7729893481872374,
  "Hits@7": 0.7810026385224275,
  "Hits@8": 0.7873057754324245,
  "Hits@9": 0.7936577738688556,
  "Hits@10": 0.800107495358155,
  "Hits@1": 0.5887325320042999,
  "Hits@2": 0.6987198280074269
}