{
  "Number_param": 20974080,
  "MRR": 0.45179036130736794,
  "Hits@1": 0.4135290363752393,
  "Hits@2": 0.4447989789406509,
  "Hits@3": 0.4660178685386088,
  "Hits@4": 0.48229100191448626,
  "Hits@5": 0.4971282705807275,
  "Hits@6": 0.5060625398851308,
  "Hits@7": 0.5127632418634334,
  "Hits@8": 0.5194639438417358,
  "Hits@9": 0.5256860242501595,
  "Hits@10": 0.530472239948947,
  "MRR__member_of_domain_usage": 0.3082114083504579,
  "MRR__verb_group": 0.9745886281993993,
  "MRR__member_of_domain_region": 0.36527605279829667,
  "MRR__member_meronym": 0.14831002848804997,
  "MRR__hypernym": 0.11666769850772497,
  "MRR__has_part": 0.15512558568291826,
  "MRR__derivationally_related_form": 0.9570753841698764,
  "MRR__also_see": 0.6129393477380882,
  "MRR__instance_hypernym": 0.3766031865909337,
  "MRR__synset_domain_topic_of": 0.3480991320208017,
  "MRR__similar_to": 1.0
}