{
  "Number_param": 5242112,
  "MRR": 0.7852364238611845,
  "Hits@1": 0.7054881940012763,
  "Hits@2": 0.7740906190172304,
  "Hits@3": 0.8222718570516911,
  "Hits@4": 0.8580089342693044,
  "Hits@5": 0.8851308232291002,
  "Hits@6": 0.9138481174218251,
  "Hits@7": 0.9377791959157626,
  "Hits@8": 0.9575622208040843,
  "Hits@9": 0.9757498404594767,
  "Hits@10": 0.9894703254626676
}