{
  "Number_param": 5744256,
  "MRR": 0.19223432900475826,
  "Hits@3": 0.14071826988942165,
  "Hits@4": 0.25090517663176437,
  "Hits@5": 0.36994813582542324,
  "Hits@6": 0.4873764556218808,
  "Hits@7": 0.5964869360994226,
  "Hits@8": 0.6880810255406595,
  "Hits@9": 0.765436931206576,
  "Hits@10": 0.8242978765045503,
  "Hits@2": 0.05387024170662492,
  "Hits@1": 0.021528525296017224
}