{
  "Number_param": 8800487,
  "MRR": 0.6670617754872862,
  "Hits@1": 0.5616632463598162,
  "Hits@2": 0.6640770057656601,
  "Hits@3": 0.7319456659826052,
  "Hits@4": 0.7713769178149126,
  "Hits@5": 0.8043095866314863,
  "Hits@6": 0.8252223199452751,
  "Hits@7": 0.8406137007720121,
  "Hits@8": 0.8540994820678198,
  "Hits@9": 0.8648490178833187,
  "Hits@10": 0.874132707905795
}