{
  "Number_param": 3843840,
  "MRR": 0.5683561764423257,
  "Hits@1": 0.42519300302941465,
  "Hits@2": 0.5922994234339881,
  "Hits@3": 0.6604123912831037,
  "Hits@4": 0.7116192709860256,
  "Hits@5": 0.7411316329522134,
  "Hits@6": 0.761409166422359,
  "Hits@7": 0.7791947620443662,
  "Hits@8": 0.7978598651421871,
  "Hits@9": 0.8113456464379947,
  "Hits@10": 0.8232678588879117
}