{
  "Number_param": 5744256,
  "MRR": 0.19205072646361815,
  "Hits@3": 0.14052575002443077,
  "Hits@4": 0.250561907553992,
  "Hits@5": 0.3694420013681227,
  "Hits@6": 0.48670966480992867,
  "Hits@7": 0.59567086875794,
  "Hits@8": 0.6871885077689827,
  "Hits@9": 0.7645363041141405,
  "Hits@10": 0.823463304993648,
  "Hits@2": 0.05379654060392847,
  "Hits@1": 0.021499071630997752
}