{
  "Number_param": 20974080,
  "MRR": 0.6712662557489888,
  "Hits@1": 0.5395660497766432,
  "Hits@2": 0.727185705169113,
  "Hits@3": 0.7587747287811104,
  "Hits@4": 0.7846202935545629,
  "Hits@5": 0.8056796426292279,
  "Hits@6": 0.8200382897255903,
  "Hits@7": 0.8331206126356094,
  "Hits@8": 0.8426930440331845,
  "Hits@9": 0.8564135290363752,
  "Hits@10": 0.8694958519463943
}