{
  "Number_param": 35761445,
  "MRR": 0.44161617384205853,
  "Hits@1": 0.41081684747925973,
  "Hits@2": 0.43650287172941926,
  "Hits@3": 0.45102105934907466,
  "Hits@4": 0.46378430121250797,
  "Hits@5": 0.4744735162731334,
  "Hits@6": 0.48276962348436503,
  "Hits@7": 0.49170389278876836,
  "Hits@8": 0.4971282705807275,
  "Hits@9": 0.5007977026164646,
  "Hits@10": 0.5044671346522016,
  "MRR__member_of_domain_usage": 0.29863648003258125,
  "MRR__verb_group": 0.9743609569781404,
  "MRR__member_of_domain_region": 0.36675482961442324,
  "MRR__member_meronym": 0.197794008287056,
  "MRR__hypernym": 0.08990513520671808,
  "MRR__has_part": 0.14597690762264026,
  "MRR__derivationally_related_form": 0.9531029509507118,
  "MRR__also_see": 0.6558993380598528,
  "MRR__instance_hypernym": 0.35171583432287945,
  "MRR__synset_domain_topic_of": 0.3107772808506634,
  "MRR__similar_to": 1.0
}