{
  "Number_param": 5242112,
  "MRR": 0.5090139387879313,
  "Hits@1": 0.469562243502052,
  "Hits@2": 0.5037619699042407,
  "Hits@3": 0.5249658002735978,
  "Hits@4": 0.5410396716826266,
  "Hits@5": 0.5509575923392613,
  "Hits@6": 0.5600205198358413,
  "Hits@7": 0.5694254445964432,
  "Hits@8": 0.5748974008207934,
  "Hits@9": 0.5813953488372093,
  "Hits@10": 0.5866963064295485,
  "MRR__member_of_domain_usage": 0.23441362200626978,
  "MRR__verb_group": 0.974475847069597,
  "MRR__member_of_domain_region": 0.12008194895431781,
  "MRR__member_meronym": 0.23845355701536466,
  "MRR__hypernym": 0.18427086453969918,
  "MRR__has_part": 0.215892474483937,
  "MRR__derivationally_related_form": 0.9568907647507799,
  "MRR__also_see": 0.6158601176308824,
  "MRR__instance_hypernym": 0.4191146742620555,
  "MRR__synset_domain_topic_of": 0.34709874089823134,
  "MRR__similar_to": 1.0
}