{
  "Number_param": 20974080,
  "MRR": 0.5467378815640712,
  "Hits@6": 0.7811104020421187,
  "Hits@7": 0.8059987236758137,
  "Hits@8": 0.8270580727504786,
  "Hits@9": 0.8484365028717294,
  "Hits@10": 0.8653477983407786,
  "Hits@1": 0.3596043395022336,
  "Hits@2": 0.595405232929164,
  "Hits@3": 0.6821952776005106,
  "Hits@4": 0.7163369495851947,
  "Hits@5": 0.7409061901723037
}