{
  "Number_param": 35761445,
  "MRR": 0.357891336800257,
  "Hits@2": 0.3146374829001368,
  "Hits@3": 0.41415868673050615,
  "Hits@4": 0.5680574555403557,
  "Hits@5": 0.6576607387140903,
  "Hits@6": 0.7175102599179206,
  "Hits@7": 0.7568399452804377,
  "Hits@8": 0.7951436388508892,
  "Hits@9": 0.8279753761969905,
  "Hits@10": 0.8532831737346102,
  "Hits@1": 0.1484268125854993
}