{
  "Number_param": 20974080,
  "MRR": 0.17486203380296828,
  "Hits@1": 0.04419272495213784,
  "Hits@2": 0.13002552648372687,
  "Hits@3": 0.22686662412252712,
  "Hits@4": 0.3004148053605616,
  "Hits@5": 0.35577536694320355,
  "Hits@6": 0.3955009572431398,
  "Hits@7": 0.42565411614550097,
  "Hits@8": 0.4473516273133376,
  "Hits@9": 0.46426292278238673,
  "Hits@10": 0.4835673261008296,
  "MRR__member_of_domain_usage": 0.32760609066242213,
  "MRR__verb_group": 0.3367102164605746,
  "MRR__member_of_domain_region": 0.22857633995982096,
  "MRR__member_meronym": 0.16826902797301505,
  "MRR__hypernym": 0.07060532838581411,
  "MRR__has_part": 0.09587221110349012,
  "MRR__derivationally_related_form": 0.2762492129772244,
  "MRR__also_see": 0.20918890520865227,
  "MRR__instance_hypernym": 0.24600355611678892,
  "MRR__synset_domain_topic_of": 0.3019088167002339,
  "MRR__similar_to": 0.2849206349206349
}