{
  "Number_param": 20974080,
  "MRR": 0.4831452668405934,
  "Hits@1": 0.4427154582763338,
  "Hits@2": 0.4762311901504788,
  "Hits@3": 0.4988030095759234,
  "Hits@4": 0.5159028727770177,
  "Hits@5": 0.5311217510259918,
  "Hits@6": 0.5401846785225718,
  "Hits@7": 0.5470246238030095,
  "Hits@8": 0.5542065663474692,
  "Hits@9": 0.5605335157318742,
  "Hits@10": 0.5656634746922025,
  "MRR__member_of_domain_usage": 0.30781980504895473,
  "MRR__verb_group": 0.9745886281993993,
  "MRR__member_of_domain_region": 0.3652760527273087,
  "MRR__member_meronym": 0.15252433757630537,
  "MRR__hypernym": 0.1352721251677389,
  "MRR__has_part": 0.15787761584986928,
  "MRR__derivationally_related_form": 0.9570753841698764,
  "MRR__also_see": 0.6129393477380882,
  "MRR__instance_hypernym": 0.4075421708737198,
  "MRR__synset_domain_topic_of": 0.35484217976471183,
  "MRR__similar_to": 1.0
}