{
  "Number_param": 35761445,
  "MRR": 0.3530684429102064,
  "Hits@2": 0.3021697511167837,
  "Hits@3": 0.4049138481174218,
  "Hits@4": 0.5682833439693682,
  "Hits@5": 0.6643267389917039,
  "Hits@6": 0.725271218889598,
  "Hits@7": 0.7629227823867263,
  "Hits@8": 0.7999361837906829,
  "Hits@9": 0.8318442884492662,
  "Hits@10": 0.8570516911295469,
  "Hits@1": 0.1429483088704531
}