{
  "Number_param": 5242112,
  "MRR": 0.4749187889180706,
  "Hits@1": 0.43809827696234843,
  "Hits@2": 0.4700063816209317,
  "Hits@3": 0.48978940650925334,
  "Hits@4": 0.5047862156987875,
  "Hits@5": 0.5140395660497766,
  "Hits@6": 0.5224952137843012,
  "Hits@7": 0.5312699425654116,
  "Hits@8": 0.5363752393107849,
  "Hits@9": 0.5424377791959157,
  "Hits@10": 0.5473835354179962,
  "MRR__member_of_domain_usage": 0.21488609385379154,
  "MRR__verb_group": 0.974475847069597,
  "MRR__member_of_domain_region": 0.12008194895431781,
  "MRR__member_meronym": 0.23186201958030414,
  "MRR__hypernym": 0.1571938851047051,
  "MRR__has_part": 0.21214715602565137,
  "MRR__derivationally_related_form": 0.9568907647507799,
  "MRR__also_see": 0.6158601176308824,
  "MRR__instance_hypernym": 0.3847681660035102,
  "MRR__synset_domain_topic_of": 0.3349211690342573,
  "MRR__similar_to": 1.0
}