{
  "Number_param": 5601152,
  "MRR": 0.5779581383221722,
  "Hits@1": 0.33503509891512445,
  "Hits@2": 0.7399489470325462,
  "Hits@3": 0.7839821314613912,
  "Hits@4": 0.8107849393746012,
  "Hits@5": 0.828334396936822,
  "Hits@6": 0.845564773452457,
  "Hits@7": 0.8592852584556477,
  "Hits@8": 0.8720485003190811,
  "Hits@9": 0.8825781748564135,
  "Hits@10": 0.8921506062539886
}