{
  "Number_param": 5601152,
  "MRR": 0.5869847637196455,
  "Hits@1": 0.3433652530779754,
  "Hits@2": 0.759233926128591,
  "Hits@3": 0.7968536251709987,
  "Hits@4": 0.8183994528043775,
  "Hits@5": 0.8337893296853626,
  "Hits@6": 0.8495212038303693,
  "Hits@7": 0.8601231190150479,
  "Hits@8": 0.872093023255814,
  "Hits@9": 0.8816689466484268,
  "Hits@10": 0.8905608755129959
}