{
  "Number_param": 20974080,
  "MRR": 0.5251682296995875,
  "Hits@6": 0.7708618331053352,
  "Hits@7": 0.7971956224350205,
  "Hits@8": 0.8190834473324213,
  "Hits@9": 0.841313269493844,
  "Hits@10": 0.8594391244870041,
  "Hits@1": 0.3283173734610123,
  "Hits@2": 0.5766073871409029,
  "Hits@3": 0.6689466484268126,
  "Hits@4": 0.7045143638850889,
  "Hits@5": 0.7298221614227086
}