{
  "Number_param": 5601152,
  "MRR": 0.46663505061653443,
  "Hits@1": 0.4387364390555201,
  "Hits@2": 0.4647415443522655,
  "Hits@3": 0.4797383535417996,
  "Hits@4": 0.48994894703254627,
  "Hits@5": 0.4971282705807275,
  "Hits@6": 0.5028717294192725,
  "Hits@7": 0.5079770261646458,
  "Hits@8": 0.5118059987236758,
  "Hits@9": 0.5151563497128271,
  "Hits@10": 0.517230376515635,
  "MRR__member_of_domain_usage": 0.2953120546676546,
  "MRR__verb_group": 0.9745069349497941,
  "MRR__member_of_domain_region": 0.19261390309569706,
  "MRR__member_meronym": 0.22476713072780607,
  "MRR__hypernym": 0.14873604095334186,
  "MRR__has_part": 0.16457472062987608,
  "MRR__derivationally_related_form": 0.9557331285078247,
  "MRR__also_see": 0.5945839057009568,
  "MRR__instance_hypernym": 0.3486375384883352,
  "MRR__synset_domain_topic_of": 0.3249921871877368,
  "MRR__similar_to": 0.5847787833081951
}